{
  "STACK": "trusty",
  "LIBDIR": "lib",
  "WEBDIR": "htdocs",
  "PHP_VERSION": "{PHP_72_LATEST}",
  "WEB_SERVER": "httpd",
  "PHP_VM": "php",
  "ADMIN_EMAIL": "dev@time-space.kr",
  "HTTPD_STRIP": true,
  "HTTPD_MODULES_STRIP": true,
  "NGINX_STRIP": true,
  "PHP_56_LATEST": "5.6.30",
  "PHP_70_LATEST": "7.0.18",
  "PHP_72_LATEST": "7.2.13",
  "PHP_STRIP": true,
  "PHP_MODULES_STRIP": true,
  "PHP_MODULES": ["fpm"],
  "PHP_EXTENSIONS": [
    "amqp",
    "apcu",
    "bz2",
    "cassandra",
    "curl",
    "dba",
    "enchant",
    "exif",
    "fileinfo",
    "ftp",
    "gd",
    "gettext",
    "gmp",
    "igbinary",
    "imagick",
    "imap",
    "interbase",
    "ldap",
    "lua",
    "lzf",
    "mailparse",
    "mbstring",
    "mcrypt",
    "memcached",
    "mongodb",
    "msgpack",
    "mysqli",
    "oauth",
    "openssl",
    "pcntl",
    "pdo",
    "pdo_firebird",
    "pdo_mysql",
    "pdo_odbc",
    "pdo_pgsql",
    "pdo_sqlite",
    "pgsql",
    "phalcon",
    "phpiredis",
    "protobuf",
    "pspell",
    "rdkafka",
    "readline",
    "recode",
    "redis",
    "shmop",
    "snmp",
    "soap",
    "sockets",
    "stomp",
    "sysvmsg",
    "sysvsem",
    "sysvshm",
    "tideways",
    "tideways_xhprof",
    "tidy",
    "wddx",
    "xmlrpc",
    "xsl",
    "yaf",
    "yaml",
    "zip",
    "zlib"
  ],
  "ZEND_EXTENSIONS": []
}