<?xml version="1.0" encoding="UTF-8"?>
<beans xmlns="http://www.springframework.org/schema/beans" xmlns:xsi="http://www.w3.org/2001/XMLSchema-instance"
	xmlns:jdbc="http://www.springframework.org/schema/jdbc"
	xmlns:cloud="http://www.springframework.org/schema/cloud"
	xsi:schemaLocation="http://www.springframework.org/schema/beans http://www.springframework.org/schema/beans/spring-beans-4.0.xsd
						http://www.springframework.org/schema/jdbc  http://www.springframework.org/schema/jdbc/spring-jdbc-4.0.xsd
						http://www.springframework.org/schema/cloud
		https://www.springframework.org/schema/cloud/spring-cloud.xsd">
	
	<!-- 환경설정 기본정보를 globals.properties 에서 참조하도록 propertyConfigurer 설정  -->
	<bean id="propertyConfigurer"
        class="org.springframework.beans.factory.config.PropertyPlaceholderConfigurer">
        <property name="locations">
            <list>
                <value>classpath:/egovframework/egovProps/globals.properties</value>
                <!-- value>file:/product/jeus/egovProps/globals.properties</value-->
            </list>
        </property>
    </bean>
    
    <!-- datasource 설정(propertyConfigurer 활용) -->
    <alias name="dataSource-${Globals.DbType}" alias="dataSource" />
    <alias name="dataSource-${Globals.DbType}" alias="egov.dataSource" />
    
	<!-- hsql -->
    <!-- 
    <jdbc:embedded-database id="dataSource-hsql" type="HSQL">
		<jdbc:script location= "classpath:/db/shtdb.sql"/>
	</jdbc:embedded-database>
	 -->
	<!-- 테스트 실행용 DB매니저 실행: 실제 사용시 <value>- -부분의 공백을 제거해 주세요 
	<bean depends-on="dataSource-hsql" class="org.springframework.beans.factory.config.MethodInvokingBean">
		<property name="targetClass" value="org.hsqldb.util.DatabaseManagerSwing" />
		<property name="targetMethod" value="main" />
		<property name="arguments">
		 <list>
		  <value>- -url</value>
		  <value>jdbc:hsqldb:mem:dataSource-hsql</value>
		  <value>- -user</value>
		  <value>sa</value>
		  <value>- -password</value>
		  <value></value>
		 </list>
		</property>
	</bean>
	-->
 	<!-- <bean id="dataSource-hsql" class="org.apache.commons.dbcp.BasicDataSource" destroy-method="close">
		<property name="driverClassName" value="net.sf.log4jdbc.DriverSpy"/>
		<property name="url" value="jdbc:log4jdbc:hsqldb:hsql://localhost/sampledb"/>
		<property name="username" value="sa"/>
	</bean> -->
	 
    <!-- 클라우드 DB연결 정보. Bean생성됨. 자바소스에서 쉽게 갖다 씀 
	<cloud:data-source id="dataSource-mysql" service-name="wp-mysql-db">
	<cloud:connection properties="sessionVariables=sql_mode='ANSI';characterEncoding=UTF-8"/>
	<cloud:pool pool-size="5-30" max-wait-time="3000"/>
	</cloud:data-source>
	-->
    <!-- mysql -->
    <bean id="dataSource-mysql" class="org.apache.commons.dbcp.BasicDataSource" destroy-method="close">
        <property name="driverClassName" value="${Globals.DriverClassName}"/>
        <property name="url" value="${Globals.Url}" />
        <property name="username" value="${Globals.UserName}"/>
        <property name="password" value="${Globals.Password}"/>
    </bean>
    
    <!-- Oracle -->
    <bean id="dataSource-oracle" class="org.apache.commons.dbcp.BasicDataSource" destroy-method="close">
        <property name="driverClassName" value="${Globals.DriverClassName}"/>
        <property name="url" value="${Globals.Url}" />
        <property name="username" value="${Globals.UserName}"/>
        <property name="password" value="${Globals.Password}"/>
    </bean>
    
    <!-- Altibase -->
    <bean id="dataSource-altibase" class="org.apache.commons.dbcp.BasicDataSource" destroy-method="close">
        <property name="driverClassName" value="${Globals.DriverClassName}"/>
        <property name="url" value="${Globals.Url}" />
        <property name="username" value="${Globals.UserName}"/>
        <property name="password" value="${Globals.Password}"/>
        <property name="maxActive" value="10"/>
    </bean>

    <!-- Tibero -->
    <bean id="dataSource-tibero" class="org.apache.commons.dbcp.BasicDataSource" destroy-method="close">
        <property name="driverClassName" value="${Globals.DriverClassName}"/>
        <property name="url" value="${Globals.Url}" />
        <property name="username" value="${Globals.UserName}"/>
        <property name="password" value="${Globals.Password}"/>
    </bean>
	
	<!-- cubrid -->
    <bean id="dataSource-cubrid" class="org.apache.commons.dbcp.BasicDataSource" destroy-method="close">
        <property name="driverClassName" value="${Globals.DriverClassName}"/>
        <property name="url" value="${Globals.Url}" />
        <property name="username" value="${Globals.UserName}"/>
        <property name="password" value="${Globals.Password}"/>
    </bean>
    
</beans>